Time (%),Total Time (ns),Instances,Avg (ns),Med (ns),Min (ns),Max (ns),StdDev (ns),GridXYZ,BlockXYZ,Name
69.4,505316451,28,18047016.1,17757011.0,17741859,18644353,416384.8,6912   16    1,  32    1    1,"vision_grouped_indexed_sdpa_bf16_kernel(const __nv_bfloat16 *, const __nv_bfloat16 *, const __nv_bfloat16 *, __nv_bfloat16 *, unsigned int, unsigned int, unsigned int, float, const unsigned int *, const unsigned int *, const unsigned int *, unsigned int)"
4.9,35821543,72,497521.4,497807.0,490943,502751,2010.1, 172   14    1, 128    1    1,ampere_bf16_s1688gemm_bf16_64x128_sliced1x2_ldg8_f2f_nn
3.6,26502517,64,414101.8,408239.5,404287,431488,10708.0, 432    2    1, 256    1    1,void cutlass::Kernel<cutlass_80_tensorop_bf16_s16816gemm_bf16_256x128_32x3_nn_align2>(T1::Params)
3.1,22231098,72,308765.3,309567.0,304799,310240,1831.8,   2    1 1760, 128    1    1,void cutlass::Kernel<cutlass_80_tensorop_bf16_s16816gemm_bf16_64x64_32x6_nn_align8>(T1::Params)
2.8,20353982,129,157782.8,156415.0,152096,195008,5139.5, 864    3    1, 128    1    1,void cutlass::Kernel<cutlass_80_tensorop_bf16_s16816gemm_bf16_64x64_32x6_nn_align8>(T1::Params)
2.7,19360735,36,537798.2,538415.0,531359,541407,2208.3, 224    4    4, 128    1    1,void cutlass::Kernel<cutlass_80_tensorop_bf16_s16816gemm_bf16_64x64_32x6_nn_align8>(T1::Params)
2.3,16428994,72,228180.5,228064.0,224800,232288,1641.5,   8   14 1760,  32    1    1,void cutlass::Kernel<cutlass_80_wmma_tensorop_bf16_s161616gemm_bf16_16x16_64x1_tn_align8>(T1::Params)
1.9,13498892,32,421840.4,417999.5,415455,431967,6626.7, 864    2    1, 128    1    1,void cutlass::Kernel<cutlass_80_tensorop_bf16_s16816gemm_bf16_128x64_64x3_nn_align2>(T1::Params)
1.2,8424213,36,234005.9,233904.0,232544,236032,738.5,   1 28160    1, 256    1    1,"attention_softmax_bf16_exp_cache_kernel(const __nv_bfloat16 *, __nv_bfloat16 *, unsigned int, unsigned int, unsigned int, unsigned int)"
1.1,7706833,36,214078.7,214191.5,212287,214591,408.0,193600    1    1, 256    1    1,"scale_bf16_kernel(const __nv_bfloat16 *, __nv_bfloat16 *, unsigned int, float)"
1.1,7699028,4,1924757.0,1897837.5,1897276,2006077,54215.9,  54    1   16, 128    1    1,"void apxinf_fa2::flash_fwd_kernel<Flash_fwd_kernel_traits<(int)96, (int)128, (int)64, (int)4, (bool)0, (bool)0, cutlass::bfloat16_t, Flash_kernel_traits<(int)96, (int)128, (int)64, (int)4, cutlass::bfloat16_t>>, (bool)0, (bool)0, (bool)0, (bool)0, (bool)0, (bool)0, (bool)0, (bool)0>(apxinf_fa2::Flash_fwd_params)"
0.8,6096888,64,95263.9,95008.0,94080,97344,828.5,  14 6912    1, 256    1    1,"add_bias_bf16_kernel(const __nv_bfloat16 *, const __nv_bfloat16 *, __nv_bfloat16 *, unsigned int, unsigned int)"
0.7,5428405,64,84818.8,83824.0,82176,89856,2211.8,   1   16 6912, 256    1    1,"rope_vision_2d_bf16_kernel(const __nv_bfloat16 *, __nv_bfloat16 *, unsigned int, unsigned int, unsigned int, float, const unsigned int *)"
0.7,4841238,32,151288.7,151439.0,150303,152032,440.1,92340    1    1, 256    1    1,"mul_bf16_kernel(const __nv_bfloat16 *, const __nv_bfloat16 *, __nv_bfloat16 *, unsigned int)"
0.6,4691061,36,130307.3,130272.0,127744,132128,1100.2, 224    5    1, 128    1    1,void cutlass::Kernel<cutlass_80_tensorop_bf16_s16816gemm_bf16_64x64_32x6_nn_align8>(T1::Params)
0.6,4246456,36,117957.1,117839.5,117375,119552,476.6,75680    1    1, 256    1    1,"silu_mul_separate_bf16_kernel(const __nv_bfloat16 *, const __nv_bfloat16 *, __nv_bfloat16 *, unsigned int)"
0.5,3772921,36,104803.4,103935.5,102656,108640,1952.1, 224    4    1, 128    1    1,void cutlass::Kernel<cutlass_80_tensorop_bf16_s16816gemm_bf16_64x64_32x6_nn_align8>(T1::Params)
0.5,3450810,32,107837.8,107616.0,106976,109279,716.7,92340    1    1, 256    1    1,"silu_bf16_kernel(const __nv_bfloat16 *, __nv_bfloat16 *, unsigned int)"
0.5,3378201,160,21113.8,19616.0,19135,28064,2817.4,   5 6912    1, 256    1    1,"add_bias_bf16_kernel(const __nv_bfloat16 *, const __nv_bfloat16 *, __nv_bfloat16 *, unsigned int, unsigned int)"
0.3,2136510,64,33383.0,32768.0,29727,42400,3656.9,34560    1    1, 256    1    1,"add_bf16_kernel(const __nv_bfloat16 *, const __nv_bfloat16 *, __nv_bfloat16 *, unsigned int)"
0.2,1187364,65,18267.1,18367.0,17248,20001,636.3,6912    1    1, 256    1    1,"rms_norm_bf16_kernel(const __nv_bfloat16 *, const __nv_bfloat16 *, __nv_bfloat16 *, unsigned int, unsigned int, float)"
0.1,1072094,36,29780.4,29856.0,29184,29984,198.0,   1   16 1760, 256    1    1,"rope_tmrope_bf16_kernel(const __nv_bfloat16 *, __nv_bfloat16 *, unsigned int, unsigned int, unsigned int, float, const unsigned int *, unsigned int, unsigned int)"
0.1,947324,72,13157.3,13120.0,12224,14176,697.3,14080    1    1, 256    1    1,"add_bf16_kernel(const __nv_bfloat16 *, const __nv_bfloat16 *, __nv_bfloat16 *, unsigned int)"
0.1,733089,72,10181.8,10128.0,9568,14176,573.4,1760    1    1, 256    1    1,"rms_norm_bf16_kernel(const __nv_bfloat16 *, const __nv_bfloat16 *, __nv_bfloat16 *, unsigned int, unsigned int, float)"
0.1,684223,1,684223.0,684223.0,684223,684223,0.0,   8  594    1, 128    1    1,void cutlass::Kernel<cutlass_80_wmma_tensorop_bf16_s161616gemm_bf16_32x32_32x1_nn_align8>(T1::Params)
0.1,599711,1,599711.0,599711.0,599711,599711,0.0, 216   10    2, 128    1    1,void cutlass::Kernel<cutlass_80_tensorop_bf16_s16816gemm_bf16_64x64_32x6_nn_align8>(T1::Params)
0.1,370017,36,10278.3,10368.0,9121,11264,531.5,1760    1    1, 256    1    1,"<unnamed>::gqa_qkv_split_bias_bf16_kernel(const __nv_bfloat16 *, const __nv_bfloat16 *, __nv_bfloat16 *, __nv_bfloat16 *, __nv_bfloat16 *, int, int, int)"
0.0,243936,1,243936.0,243936.0,243936,243936,0.0, 216    4    2, 128    1    1,void cutlass::Kernel<cutlass_80_tensorop_bf16_s16816gemm_bf16_64x64_32x6_nn_align8>(T1::Params)
0.0,220895,72,3068.0,3072.0,3007,3232,38.0,   1    2 1760, 256    1    1,"kv_cache_append_bf16_kernel(__nv_bfloat16 *, const __nv_bfloat16 *, unsigned int, unsigned int, unsigned int, unsigned int, unsigned int)"
0.0,179712,36,4992.0,4992.0,4896,5056,43.4,   1    2 1760, 256    1    1,"rope_tmrope_bf16_kernel(const __nv_bfloat16 *, __nv_bfloat16 *, unsigned int, unsigned int, unsigned int, float, const unsigned int *, unsigned int, unsigned int)"
0.0,22560,1,22560.0,22560.0,22560,22560,0.0,34560    1    1, 256    1    1,"gelu_tanh_bf16_kernel(const __nv_bfloat16 *, __nv_bfloat16 *, unsigned int)"
0.0,19808,1,19808.0,19808.0,19808,19808,0.0,  20 1728    1, 256    1    1,"add_bias_bf16_kernel(const __nv_bfloat16 *, const __nv_bfloat16 *, __nv_bfloat16 *, unsigned int, unsigned int)"
0.0,12672,1,12672.0,12672.0,12672,12672,0.0,   8 1760    1, 256    1    1,"embedding_bf16_kernel(const __nv_bfloat16 *, const unsigned int *, __nv_bfloat16 *, unsigned int, unsigned int)"
0.0,8512,1,8512.0,8512.0,8512,8512,0.0,   8 1728    1, 256    1    1,"add_bias_bf16_kernel(const __nv_bfloat16 *, const __nv_bfloat16 *, __nv_bfloat16 *, unsigned int, unsigned int)"
0.0,4576,1,4576.0,4576.0,4576,4576,0.0,   1    1    1, 256    1    1,"rms_norm_bf16_kernel(const __nv_bfloat16 *, const __nv_bfloat16 *, __nv_bfloat16 *, unsigned int, unsigned int, float)"
